{"epoch": 0, "time_epoch": 69.5877, "eta": 34724.26201, "eta_hours": 9.64563, "loss": 1.04510215, "lr": 0.0, "params": 182569, "time_iter": 0.27183, "accuracy": 0.55328, "precision": 0.00099, "recall": 0.59948, "f1": 0.00198, "macro-f1": 0.35711, "micro-f1": 0.55328, "auc": 0.57698}
{"epoch": 1, "time_epoch": 69.82624, "eta": 34714.07063, "eta_hours": 9.6428, "loss": 0.39023651, "lr": 0.0002, "params": 182569, "time_iter": 0.27276, "accuracy": 0.98213, "precision": 0.00123, "recall": 0.02472, "f1": 0.00235, "macro-f1": 0.49667, "micro-f1": 0.98213, "auc": 0.43738}
{"epoch": 2, "time_epoch": 69.63619, "eta": 34632.63811, "eta_hours": 9.62018, "loss": 0.14870899, "lr": 0.0004, "params": 182569, "time_iter": 0.27202, "accuracy": 0.9986, "precision": 0.0, "recall": 0.0, "f1": 0.0, "macro-f1": 0.49965, "micro-f1": 0.9986, "auc": 0.54728}
{"epoch": 3, "time_epoch": 69.54848, "eta": 34546.22813, "eta_hours": 9.59617, "loss": 0.11851607, "lr": 0.0006, "params": 182569, "time_iter": 0.27167, "accuracy": 0.99784, "precision": 0.0, "recall": 0.0, "f1": 0.0, "macro-f1": 0.49946, "micro-f1": 0.99784, "auc": 0.70677}
{"epoch": 4, "time_epoch": 70.26775, "eta": 34537.76956, "eta_hours": 9.59382, "loss": 0.06795873, "lr": 0.0008, "params": 182569, "time_iter": 0.27448, "accuracy": 0.99861, "precision": 0.0, "recall": 0.0, "f1": 0.0, "macro-f1": 0.49965, "micro-f1": 0.99861, "auc": 0.7533}
{"epoch": 5, "time_epoch": 70.42551, "eta": 34521.69744, "eta_hours": 9.58936, "loss": 0.03781226, "lr": 0.001, "params": 182569, "time_iter": 0.2751, "accuracy": 0.99891, "precision": 0.0, "recall": 0.0, "f1": 0.0, "macro-f1": 0.49973, "micro-f1": 0.99891, "auc": 0.82228}
{"epoch": 6, "time_epoch": 84.665, "eta": 35492.96227, "eta_hours": 9.85916, "loss": 0.03904319, "lr": 0.00099999, "params": 182569, "time_iter": 0.33072, "accuracy": 0.99907, "precision": 0.0, "recall": 0.0, "f1": 0.0, "macro-f1": 0.49977, "micro-f1": 0.99907, "auc": 0.85989}
{"epoch": 7, "time_epoch": 69.76165, "eta": 35283.68889, "eta_hours": 9.80102, "loss": 0.03626613, "lr": 0.00099996, "params": 182569, "time_iter": 0.27251, "accuracy": 0.9992, "precision": 0.0, "recall": 0.0, "f1": 0.0, "macro-f1": 0.4998, "micro-f1": 0.9992, "auc": 0.87117}
{"epoch": 8, "time_epoch": 70.17749, "eta": 35128.10449, "eta_hours": 9.75781, "loss": 0.02651506, "lr": 0.00099991, "params": 182569, "time_iter": 0.27413, "accuracy": 0.99921, "precision": 0.07143, "recall": 0.00249, "f1": 0.00481, "macro-f1": 0.50221, "micro-f1": 0.99921, "auc": 0.91037}
{"epoch": 9, "time_epoch": 69.7679, "eta": 34969.53166, "eta_hours": 9.71376, "loss": 0.02582923, "lr": 0.00099984, "params": 182569, "time_iter": 0.27253, "accuracy": 0.99914, "precision": 0.25, "recall": 0.04057, "f1": 0.06982, "macro-f1": 0.53469, "micro-f1": 0.99914, "auc": 0.89771}
